model,curve,t,x_mm,y_mm
mac-mini,outer,0.0,24.057737854588144,63.50000000000001
mac-mini,outer,0.25,43.40453847015993,62.656003161725664
mac-mini,outer,0.5,56.17153126334827,56.17153126334827
mac-mini,outer,0.75,62.656003161725664,43.40453847015993
mac-mini,outer,1.0,63.50000000000001,24.057737854588144
mac-mini,inner_2mm,0.0,24.057737854588147,61.500000000000014
mac-mini,inner_2mm,0.25,43.034208945326434,60.690588181871135
mac-mini,inner_2mm,0.5,54.75731770097519,54.75731770097519
mac-mini,inner_2mm,0.75,60.690588181871135,43.034208945326434
mac-mini,inner_2mm,1.0,61.500000000000014,24.057737854588147
mac-mini,inner_3mm,0.0,24.057737854588147,60.5
mac-mini,inner_3mm,0.25,42.84904418290971,59.70788069194388
mac-mini,inner_3mm,0.5,54.05021091978863,54.05021091978863
mac-mini,inner_3mm,0.75,59.70788069194388,42.8490441829097
mac-mini,inner_3mm,1.0,60.5,24.057737854588147
mac-studio,outer,0.0,42.01865006037191,98.5
mac-studio,outer,0.25,72.66131325621667,97.60218023594153
mac-studio,outer,0.5,89.61413605880134,89.61413605880134
mac-studio,outer,0.75,97.60218023594153,72.66131325621667
mac-studio,outer,1.0,98.5,42.01865006037191
mac-studio,inner_2mm,0.0,42.01865006037192,96.5
mac-studio,inner_2mm,0.25,72.35171572037511,95.62628819288838
mac-studio,inner_2mm,0.5,88.19992249642824,88.19992249642823
mac-studio,inner_2mm,0.75,95.62628819288837,72.3517157203751
mac-studio,inner_2mm,1.0,96.5,42.01865006037192
mac-studio,inner_3mm,0.0,42.01865006037192,95.5
mac-studio,inner_3mm,0.25,72.1969169524543,94.63834217136181
mac-studio,inner_3mm,0.5,87.49281571524172,87.49281571524172
mac-studio,inner_3mm,0.75,94.63834217136181,72.19691695245433
mac-studio,inner_3mm,1.0,95.5,42.01865006037192
